"District","FIPS","Year","Variable","Measure Type","Value"
"Achievement First Bridgeport Academy District","","2011-2012","Chronically Absent Students","Percent","1.4"
"Achievement First Bridgeport Academy District","","2012-2013","Chronically Absent Students","Percent","2.5"
"Achievement First Bridgeport Academy District","","2013-2014","Chronically Absent Students","Percent","2.9"
"Achievement First Bridgeport Academy District","","2014-2015","Chronically Absent Students","Percent","3.2"
"Achievement First Bridgeport Academy District","","2015-2016","Chronically Absent Students","Percent","4.7"
"Achievement First Hartford Academy District","","2011-2012","Chronically Absent Students","Percent","8.1"
"Achievement First Hartford Academy District","","2012-2013","Chronically Absent Students","Percent","3.4"
"Achievement First Hartford Academy District","","2013-2014","Chronically Absent Students","Percent","6.1"
"Achievement First Hartford Academy District","","2014-2015","Chronically Absent Students","Percent","10.6"
"Achievement First Hartford Academy District","","2015-2016","Chronically Absent Students","Percent","10.1"
"Amistad Academy District","","2011-2012","Chronically Absent Students","Percent","2.6"
"Amistad Academy District","","2012-2013","Chronically Absent Students","Percent","2.6"
"Amistad Academy District","","2013-2014","Chronically Absent Students","Percent","3.5"
"Amistad Academy District","","2014-2015","Chronically Absent Students","Percent","5.3"
"Amistad Academy District","","2015-2016","Chronically Absent Students","Percent","5.3"
"Andover School District","","2011-2012","Chronically Absent Students","Percent","-9999"
"Andover School District","","2012-2013","Chronically Absent Students","Percent","3.8"
"Andover School District","","2013-2014","Chronically Absent Students","Percent","-9999"
"Andover School District","","2014-2015","Chronically Absent Students","Percent","-9999"
"Andover School District","","2015-2016","Chronically Absent Students","Percent","-9999"
"Ansonia School District","900901220","2011-2012","Chronically Absent Students","Percent","12.2"
"Ansonia School District","900901220","2012-2013","Chronically Absent Students","Percent","14.3"
"Ansonia School District","900901220","2013-2014","Chronically Absent Students","Percent","11.3"
"Ansonia School District","900901220","2014-2015","Chronically Absent Students","Percent","16.3"
"Ansonia School District","900901220","2015-2016","Chronically Absent Students","Percent","14.5"
"Area Cooperative Educational Services","","2011-2012","Chronically Absent Students","Percent","18.5"
"Area Cooperative Educational Services","","2012-2013","Chronically Absent Students","Percent","19.5"
"Area Cooperative Educational Services","","2013-2014","Chronically Absent Students","Percent","21.7"
"Area Cooperative Educational Services","","2014-2015","Chronically Absent Students","Percent","20.6"
"Area Cooperative Educational Services","","2015-2016","Chronically Absent Students","Percent","18.2"
"Ashford School District","","2011-2012","Chronically Absent Students","Percent","9.5"
"Ashford School District","","2012-2013","Chronically Absent Students","Percent","7.2"
"Ashford School District","","2013-2014","Chronically Absent Students","Percent","7.8"
"Ashford School District","","2014-2015","Chronically Absent Students","Percent","6.8"
"Ashford School District","","2015-2016","Chronically Absent Students","Percent","5.1"
"Avon School District","900302060","2011-2012","Chronically Absent Students","Percent","4.3"
"Avon School District","900302060","2012-2013","Chronically Absent Students","Percent","5.0"
"Avon School District","900302060","2013-2014","Chronically Absent Students","Percent","4.9"
"Avon School District","900302060","2014-2015","Chronically Absent Students","Percent","3.0"
"Avon School District","900302060","2015-2016","Chronically Absent Students","Percent","4.5"
"Barkhamsted School District","","2011-2012","Chronically Absent Students","Percent","3.2"
"Barkhamsted School District","","2012-2013","Chronically Absent Students","Percent","4.0"
"Barkhamsted School District","","2013-2014","Chronically Absent Students","Percent","3.5"
"Barkhamsted School District","","2014-2015","Chronically Absent Students","Percent","2.0"
"Barkhamsted School District","","2015-2016","Chronically Absent Students","Percent","4.2"
"Berlin School District","","2011-2012","Chronically Absent Students","Percent","5.8"
"Berlin School District","","2012-2013","Chronically Absent Students","Percent","5.7"
"Berlin School District","","2013-2014","Chronically Absent Students","Percent","4.9"
"Berlin School District","","2014-2015","Chronically Absent Students","Percent","6.0"
"Berlin School District","","2015-2016","Chronically Absent Students","Percent","3.7"
"Bethany School District","","2011-2012","Chronically Absent Students","Percent","3.1"
"Bethany School District","","2012-2013","Chronically Absent Students","Percent","5.6"
"Bethany School District","","2013-2014","Chronically Absent Students","Percent","4.9"
"Bethany School District","","2014-2015","Chronically Absent Students","Percent","5.0"
"Bethany School District","","2015-2016","Chronically Absent Students","Percent","5.2"
"Bethel School District","900104720","2011-2012","Chronically Absent Students","Percent","6.1"
"Bethel School District","900104720","2012-2013","Chronically Absent Students","Percent","6.8"
"Bethel School District","900104720","2013-2014","Chronically Absent Students","Percent","7.3"
"Bethel School District","900104720","2014-2015","Chronically Absent Students","Percent","4.5"
"Bethel School District","900104720","2015-2016","Chronically Absent Students","Percent","7.0"
"Bloomfield School District","900305910","2011-2012","Chronically Absent Students","Percent","7.5"
"Bloomfield School District","900305910","2012-2013","Chronically Absent Students","Percent","7.9"
"Bloomfield School District","900305910","2013-2014","Chronically Absent Students","Percent","7.7"
"Bloomfield School District","900305910","2014-2015","Chronically Absent Students","Percent","9.0"
"Bloomfield School District","900305910","2015-2016","Chronically Absent Students","Percent","8.9"
"Bolton School District","901306260","2011-2012","Chronically Absent Students","Percent","2.6"
"Bolton School District","901306260","2012-2013","Chronically Absent Students","Percent","3.8"
"Bolton School District","901306260","2013-2014","Chronically Absent Students","Percent","5.2"
"Bolton School District","901306260","2014-2015","Chronically Absent Students","Percent","5.6"
"Bolton School District","901306260","2015-2016","Chronically Absent Students","Percent","3.3"
"Booker T Washington Academy District","","2011-2012","Chronically Absent Students","Percent","-6666"
"Booker T Washington Academy District","","2012-2013","Chronically Absent Students","Percent","-6666"
"Booker T Washington Academy District","","2013-2014","Chronically Absent Students","Percent","-6666"
"Booker T Washington Academy District","","2014-2015","Chronically Absent Students","Percent","30.4"
"Booker T Washington Academy District","","2015-2016","Chronically Absent Students","Percent","20.2"
"Bozrah School District","","2011-2012","Chronically Absent Students","Percent","5.3"
"Bozrah School District","","2012-2013","Chronically Absent Students","Percent","8.4"
"Bozrah School District","","2013-2014","Chronically Absent Students","Percent","7.3"
"Bozrah School District","","2014-2015","Chronically Absent Students","Percent","3.2"
"Bozrah School District","","2015-2016","Chronically Absent Students","Percent","5.4"
"Branford School District","900907310","2011-2012","Chronically Absent Students","Percent","7.4"
"Branford School District","900907310","2012-2013","Chronically Absent Students","Percent","7.9"
"Branford School District","900907310","2013-2014","Chronically Absent Students","Percent","8.7"
"Branford School District","900907310","2014-2015","Chronically Absent Students","Percent","9.2"
"Branford School District","900907310","2015-2016","Chronically Absent Students","Percent","9.4"
"Brass City Charter School District","","2011-2012","Chronically Absent Students","Percent","-6666"
"Brass City Charter School District","","2012-2013","Chronically Absent Students","Percent","-6666"
"Brass City Charter School District","","2013-2014","Chronically Absent Students","Percent","12.3"
"Brass City Charter School District","","2014-2015","Chronically Absent Students","Percent","10.5"
"Brass City Charter School District","","2015-2016","Chronically Absent Students","Percent","7.4"
"Bridgeport School District","900108070","2011-2012","Chronically Absent Students","Percent","19.6"
"Bridgeport School District","900108070","2012-2013","Chronically Absent Students","Percent","25.1"
"Bridgeport School District","900108070","2013-2014","Chronically Absent Students","Percent","21.2"
"Bridgeport School District","900108070","2014-2015","Chronically Absent Students","Percent","19.0"
"Bridgeport School District","900108070","2015-2016","Chronically Absent Students","Percent","17.4"
"Bristol School District","900308490","2011-2012","Chronically Absent Students","Percent","11.5"
"Bristol School District","900308490","2012-2013","Chronically Absent Students","Percent","10.2"
"Bristol School District","900308490","2013-2014","Chronically Absent Students","Percent","11.8"
"Bristol School District","900308490","2014-2015","Chronically Absent Students","Percent","10.8"
"Bristol School District","900308490","2015-2016","Chronically Absent Students","Percent","8.7"
"Brookfield School District","900108980","2011-2012","Chronically Absent Students","Percent","4.9"
"Brookfield School District","900108980","2012-2013","Chronically Absent Students","Percent","1.9"
"Brookfield School District","900108980","2013-2014","Chronically Absent Students","Percent","4.1"
"Brookfield School District","900108980","2014-2015","Chronically Absent Students","Percent","3.9"
"Brookfield School District","900108980","2015-2016","Chronically Absent Students","Percent","2.2"
"Brooklyn School District","","2011-2012","Chronically Absent Students","Percent","7.0"
"Brooklyn School District","","2012-2013","Chronically Absent Students","Percent","6.9"
"Brooklyn School District","","2013-2014","Chronically Absent Students","Percent","4.2"
"Brooklyn School District","","2014-2015","Chronically Absent Students","Percent","5.5"
"Brooklyn School District","","2015-2016","Chronically Absent Students","Percent","2.4"
"Canaan School District","","2011-2012","Chronically Absent Students","Percent","10.7"
"Canaan School District","","2012-2013","Chronically Absent Students","Percent","-9999"
"Canaan School District","","2013-2014","Chronically Absent Students","Percent","10.1"
"Canaan School District","","2014-2015","Chronically Absent Students","Percent","-9999"
"Canaan School District","","2015-2016","Chronically Absent Students","Percent","9.2"
"Canterbury School District","","2011-2012","Chronically Absent Students","Percent","3.7"
"Canterbury School District","","2012-2013","Chronically Absent Students","Percent","6.4"
"Canterbury School District","","2013-2014","Chronically Absent Students","Percent","4.8"
"Canterbury School District","","2014-2015","Chronically Absent Students","Percent","3.8"
"Canterbury School District","","2015-2016","Chronically Absent Students","Percent","3.7"
"Canton School District","900312270","2011-2012","Chronically Absent Students","Percent","4.5"
"Canton School District","900312270","2012-2013","Chronically Absent Students","Percent","4.7"
"Canton School District","900312270","2013-2014","Chronically Absent Students","Percent","9.1"
"Canton School District","900312270","2014-2015","Chronically Absent Students","Percent","9.2"
"Canton School District","900312270","2015-2016","Chronically Absent Students","Percent","5.6"
"Capital Preparatory Harbor School Inc. District","","2011-2012","Chronically Absent Students","Percent","-6666"
"Capital Preparatory Harbor School Inc. District","","2012-2013","Chronically Absent Students","Percent","-6666"
"Capital Preparatory Harbor School Inc. District","","2013-2014","Chronically Absent Students","Percent","-6666"
"Capital Preparatory Harbor School Inc. District","","2014-2015","Chronically Absent Students","Percent","-6666"
"Capital Preparatory Harbor School Inc. District","","2015-2016","Chronically Absent Students","Percent","13.7"
"Capitol Region Education Council","","2011-2012","Chronically Absent Students","Percent","14.4"
"Capitol Region Education Council","","2012-2013","Chronically Absent Students","Percent","14.3"
"Capitol Region Education Council","","2013-2014","Chronically Absent Students","Percent","13.7"
"Capitol Region Education Council","","2014-2015","Chronically Absent Students","Percent","15.0"
"Capitol Region Education Council","","2015-2016","Chronically Absent Students","Percent","11.6"
"Chaplin School District","","2011-2012","Chronically Absent Students","Percent","9.6"
"Chaplin School District","","2012-2013","Chronically Absent Students","Percent","8.3"
"Chaplin School District","","2013-2014","Chronically Absent Students","Percent","8.6"
"Chaplin School District","","2014-2015","Chronically Absent Students","Percent","11.4"
"Chaplin School District","","2015-2016","Chronically Absent Students","Percent","10.1"
"Charter School for Young Children on Asylum Hill","","2011-2012","Chronically Absent Students","Percent","-6666"
"Charter School for Young Children on Asylum Hill","","2012-2013","Chronically Absent Students","Percent","-6666"
"Charter School for Young Children on Asylum Hill","","2013-2014","Chronically Absent Students","Percent","-6666"
"Charter School for Young Children on Asylum Hill","","2014-2015","Chronically Absent Students","Percent","-6666"
"Charter School for Young Children on Asylum Hill","","2015-2016","Chronically Absent Students","Percent","-6666"
"Cheshire School District","900914160","2011-2012","Chronically Absent Students","Percent","5.4"
"Cheshire School District","900914160","2012-2013","Chronically Absent Students","Percent","4.1"
"Cheshire School District","900914160","2013-2014","Chronically Absent Students","Percent","5.1"
"Cheshire School District","900914160","2014-2015","Chronically Absent Students","Percent","4.1"
"Cheshire School District","900914160","2015-2016","Chronically Absent Students","Percent","5.2"
"Chester School District","","2011-2012","Chronically Absent Students","Percent","6.1"
"Chester School District","","2012-2013","Chronically Absent Students","Percent","9.2"
"Chester School District","","2013-2014","Chronically Absent Students","Percent","3.2"
"Chester School District","","2014-2015","Chronically Absent Students","Percent","-9999"
"Chester School District","","2015-2016","Chronically Absent Students","Percent","2.8"
"Clinton School District","900715350","2011-2012","Chronically Absent Students","Percent","10.5"
"Clinton School District","900715350","2012-2013","Chronically Absent Students","Percent","7.8"
"Clinton School District","900715350","2013-2014","Chronically Absent Students","Percent","6.9"
"Clinton School District","900715350","2014-2015","Chronically Absent Students","Percent","6.9"
"Clinton School District","900715350","2015-2016","Chronically Absent Students","Percent","5.4"
"Colchester School District","901115910","2011-2012","Chronically Absent Students","Percent","2.5"
"Colchester School District","901115910","2012-2013","Chronically Absent Students","Percent","6.1"
"Colchester School District","901115910","2013-2014","Chronically Absent Students","Percent","5.2"
"Colchester School District","901115910","2014-2015","Chronically Absent Students","Percent","3.9"
"Colchester School District","901115910","2015-2016","Chronically Absent Students","Percent","5.8"
"Colebrook School District","","2011-2012","Chronically Absent Students","Percent","-9999"
"Colebrook School District","","2012-2013","Chronically Absent Students","Percent","-9999"
"Colebrook School District","","2013-2014","Chronically Absent Students","Percent","-9999"
"Colebrook School District","","2014-2015","Chronically Absent Students","Percent","-9999"
"Colebrook School District","","2015-2016","Chronically Absent Students","Percent","-9999"
"Columbia School District","","2011-2012","Chronically Absent Students","Percent","7.4"
"Columbia School District","","2012-2013","Chronically Absent Students","Percent","4.1"
"Columbia School District","","2013-2014","Chronically Absent Students","Percent","-9999"
"Columbia School District","","2014-2015","Chronically Absent Students","Percent","5.2"
"Columbia School District","","2015-2016","Chronically Absent Students","Percent","3.8"
"Common Ground High School District","","2011-2012","Chronically Absent Students","Percent","12.8"
"Common Ground High School District","","2012-2013","Chronically Absent Students","Percent","14.5"
"Common Ground High School District","","2013-2014","Chronically Absent Students","Percent","16.6"
"Common Ground High School District","","2014-2015","Chronically Absent Students","Percent","15.3"
"Common Ground High School District","","2015-2016","Chronically Absent Students","Percent","11.5"
"Connecticut","9","2011-2012","Chronically Absent Students","Percent","11.1"
"Connecticut","9","2012-2013","Chronically Absent Students","Percent","11.5"
"Connecticut","9","2013-2014","Chronically Absent Students","Percent","10.8"
"Connecticut","9","2014-2015","Chronically Absent Students","Percent","10.6"
"Connecticut","9","2015-2016","Chronically Absent Students","Percent","9.6"
"Connecticut Technical High School System","","2011-2012","Chronically Absent Students","Percent","10.2"
"Connecticut Technical High School System","","2012-2013","Chronically Absent Students","Percent","12.1"
"Connecticut Technical High School System","","2013-2014","Chronically Absent Students","Percent","12.9"
"Connecticut Technical High School System","","2014-2015","Chronically Absent Students","Percent","13.7"
"Connecticut Technical High School System","","2015-2016","Chronically Absent Students","Percent","12.7"
"Cooperative Educational Services","","2011-2012","Chronically Absent Students","Percent","17.0"
"Cooperative Educational Services","","2012-2013","Chronically Absent Students","Percent","18.5"
"Cooperative Educational Services","","2013-2014","Chronically Absent Students","Percent","15.8"
"Cooperative Educational Services","","2014-2015","Chronically Absent Students","Percent","18.9"
"Cooperative Educational Services","","2015-2016","Chronically Absent Students","Percent","16.4"
"Cornwall School District","","2011-2012","Chronically Absent Students","Percent","5.7"
"Cornwall School District","","2012-2013","Chronically Absent Students","Percent","-9999"
"Cornwall School District","","2013-2014","Chronically Absent Students","Percent","-9999"
"Cornwall School District","","2014-2015","Chronically Absent Students","Percent","-9999"
"Cornwall School District","","2015-2016","Chronically Absent Students","Percent","-9999"
"Coventry School District","","2011-2012","Chronically Absent Students","Percent","6.2"
"Coventry School District","","2012-2013","Chronically Absent Students","Percent","6.9"
"Coventry School District","","2013-2014","Chronically Absent Students","Percent","5.4"
"Coventry School District","","2014-2015","Chronically Absent Students","Percent","6.9"
"Coventry School District","","2015-2016","Chronically Absent Students","Percent","5.6"
"Cromwell School District","","2011-2012","Chronically Absent Students","Percent","6.2"
"Cromwell School District","","2012-2013","Chronically Absent Students","Percent","4.6"
"Cromwell School District","","2013-2014","Chronically Absent Students","Percent","5.5"
"Cromwell School District","","2014-2015","Chronically Absent Students","Percent","3.0"
"Cromwell School District","","2015-2016","Chronically Absent Students","Percent","1.7"
"Danbury School District","900118500","2011-2012","Chronically Absent Students","Percent","12.5"
"Danbury School District","900118500","2012-2013","Chronically Absent Students","Percent","11.0"
"Danbury School District","900118500","2013-2014","Chronically Absent Students","Percent","6.1"
"Danbury School District","900118500","2014-2015","Chronically Absent Students","Percent","7.1"
"Danbury School District","900118500","2015-2016","Chronically Absent Students","Percent","7.4"
"Darien School District","900118850","2011-2012","Chronically Absent Students","Percent","4.1"
"Darien School District","900118850","2012-2013","Chronically Absent Students","Percent","3.6"
"Darien School District","900118850","2013-2014","Chronically Absent Students","Percent","3.6"
"Darien School District","900118850","2014-2015","Chronically Absent Students","Percent","4.3"
"Darien School District","900118850","2015-2016","Chronically Absent Students","Percent","2.9"
"Deep River School District","","2011-2012","Chronically Absent Students","Percent","5.6"
"Deep River School District","","2012-2013","Chronically Absent Students","Percent","3.4"
"Deep River School District","","2013-2014","Chronically Absent Students","Percent","2.2"
"Deep River School District","","2014-2015","Chronically Absent Students","Percent","-9999"
"Deep River School District","","2015-2016","Chronically Absent Students","Percent","1.9"
"Department of Mental Health and Addiction Services","","2011-2012","Chronically Absent Students","Percent","-9999"
"Department of Mental Health and Addiction Services","","2012-2013","Chronically Absent Students","Percent","-9999"
"Department of Mental Health and Addiction Services","","2013-2014","Chronically Absent Students","Percent","-9999"
"Department of Mental Health and Addiction Services","","2014-2015","Chronically Absent Students","Percent","-9999"
"Department of Mental Health and Addiction Services","","2015-2016","Chronically Absent Students","Percent","-9999"
"Derby School District","900919550","2011-2012","Chronically Absent Students","Percent","13.2"
"Derby School District","900919550","2012-2013","Chronically Absent Students","Percent","14.3"
"Derby School District","900919550","2013-2014","Chronically Absent Students","Percent","16.3"
"Derby School District","900919550","2014-2015","Chronically Absent Students","Percent","16.7"
"Derby School District","900919550","2015-2016","Chronically Absent Students","Percent","13.0"
"Eastern Connecticut Regional Educational Services","","2011-2012","Chronically Absent Students","Percent","20.1"
"Eastern Connecticut Regional Educational Services","","2012-2013","Chronically Absent Students","Percent","70.2"
"Eastern Connecticut Regional Educational Services","","2013-2014","Chronically Absent Students","Percent","13.4"
"Eastern Connecticut Regional Educational Services","","2014-2015","Chronically Absent Students","Percent","32.3"
"Eastern Connecticut Regional Educational Services","","2015-2016","Chronically Absent Students","Percent","33.9"
"Eastford School District","","2011-2012","Chronically Absent Students","Percent","5.7"
"Eastford School District","","2012-2013","Chronically Absent Students","Percent","5.9"
"Eastford School District","","2013-2014","Chronically Absent Students","Percent","5.2"
"Eastford School District","","2014-2015","Chronically Absent Students","Percent","5.8"
"Eastford School District","","2015-2016","Chronically Absent Students","Percent","-9999"
"East Granby School District","900322070","2011-2012","Chronically Absent Students","Percent","5.2"
"East Granby School District","900322070","2012-2013","Chronically Absent Students","Percent","7.0"
"East Granby School District","900322070","2013-2014","Chronically Absent Students","Percent","5.6"
"East Granby School District","900322070","2014-2015","Chronically Absent Students","Percent","7.1"
"East Granby School District","900322070","2015-2016","Chronically Absent Students","Percent","6.0"
"East Haddam School District","","2011-2012","Chronically Absent Students","Percent","7.8"
"East Haddam School District","","2012-2013","Chronically Absent Students","Percent","7.6"
"East Haddam School District","","2013-2014","Chronically Absent Students","Percent","6.7"
"East Haddam School District","","2014-2015","Chronically Absent Students","Percent","6.8"
"East Haddam School District","","2015-2016","Chronically Absent Students","Percent","6.3"
"East Hampton School District","900722490","2011-2012","Chronically Absent Students","Percent","5.9"
"East Hampton School District","900722490","2012-2013","Chronically Absent Students","Percent","5.9"
"East Hampton School District","900722490","2013-2014","Chronically Absent Students","Percent","7.0"
"East Hampton School District","900722490","2014-2015","Chronically Absent Students","Percent","7.5"
"East Hampton School District","900722490","2015-2016","Chronically Absent Students","Percent","7.4"
"East Hartford School District","900322630","2011-2012","Chronically Absent Students","Percent","9.8"
"East Hartford School District","900322630","2012-2013","Chronically Absent Students","Percent","19.0"
"East Hartford School District","900322630","2013-2014","Chronically Absent Students","Percent","12.9"
"East Hartford School District","900322630","2014-2015","Chronically Absent Students","Percent","16.1"
"East Hartford School District","900322630","2015-2016","Chronically Absent Students","Percent","12.9"
"East Haven School District","900922910","2011-2012","Chronically Absent Students","Percent","17.4"
"East Haven School District","900922910","2012-2013","Chronically Absent Students","Percent","16.1"
"East Haven School District","900922910","2013-2014","Chronically Absent Students","Percent","12.3"
"East Haven School District","900922910","2014-2015","Chronically Absent Students","Percent","11.2"
"East Haven School District","900922910","2015-2016","Chronically Absent Students","Percent","10.2"
"East Lyme School District","901123400","2011-2012","Chronically Absent Students","Percent","6.0"
"East Lyme School District","901123400","2012-2013","Chronically Absent Students","Percent","4.9"
"East Lyme School District","901123400","2013-2014","Chronically Absent Students","Percent","5.2"
"East Lyme School District","901123400","2014-2015","Chronically Absent Students","Percent","5.7"
"East Lyme School District","901123400","2015-2016","Chronically Absent Students","Percent","4.7"
"Easton School District","","2011-2012","Chronically Absent Students","Percent","4.1"
"Easton School District","","2012-2013","Chronically Absent Students","Percent","3.2"
"Easton School District","","2013-2014","Chronically Absent Students","Percent","2.3"
"Easton School District","","2014-2015","Chronically Absent Students","Percent","2.5"
"Easton School District","","2015-2016","Chronically Absent Students","Percent","1.7"
"East Windsor School District","900324800","2011-2012","Chronically Absent Students","Percent","11.8"
"East Windsor School District","900324800","2012-2013","Chronically Absent Students","Percent","10.4"
"East Windsor School District","900324800","2013-2014","Chronically Absent Students","Percent","10.9"
"East Windsor School District","900324800","2014-2015","Chronically Absent Students","Percent","10.4"
"East Windsor School District","900324800","2015-2016","Chronically Absent Students","Percent","12.2"
"Ellington School District","901325360","2011-2012","Chronically Absent Students","Percent","4.4"
"Ellington School District","901325360","2012-2013","Chronically Absent Students","Percent","5.7"
"Ellington School District","901325360","2013-2014","Chronically Absent Students","Percent","3.8"
"Ellington School District","901325360","2014-2015","Chronically Absent Students","Percent","4.5"
"Ellington School District","901325360","2015-2016","Chronically Absent Students","Percent","4.3"
"Elm City College Preparatory School District","","2011-2012","Chronically Absent Students","Percent","1.6"
"Elm City College Preparatory School District","","2012-2013","Chronically Absent Students","Percent","3.5"
"Elm City College Preparatory School District","","2013-2014","Chronically Absent Students","Percent","4.6"
"Elm City College Preparatory School District","","2014-2015","Chronically Absent Students","Percent","4.5"
"Elm City College Preparatory School District","","2015-2016","Chronically Absent Students","Percent","5.7"
"Elm City Montessori School District","","2011-2012","Chronically Absent Students","Percent","-6666"
"Elm City Montessori School District","","2012-2013","Chronically Absent Students","Percent","-6666"
"Elm City Montessori School District","","2013-2014","Chronically Absent Students","Percent","-6666"
"Elm City Montessori School District","","2014-2015","Chronically Absent Students","Percent","-9999"
"Elm City Montessori School District","","2015-2016","Chronically Absent Students","Percent","20.5"
"Enfield School District","900325990","2011-2012","Chronically Absent Students","Percent","11.7"
"Enfield School District","900325990","2012-2013","Chronically Absent Students","Percent","11.4"
"Enfield School District","900325990","2013-2014","Chronically Absent Students","Percent","12.0"
"Enfield School District","900325990","2014-2015","Chronically Absent Students","Percent","12.0"
"Enfield School District","900325990","2015-2016","Chronically Absent Students","Percent","11.9"
"Essex School District","","2011-2012","Chronically Absent Students","Percent","2.9"
"Essex School District","","2012-2013","Chronically Absent Students","Percent","2.1"
"Essex School District","","2013-2014","Chronically Absent Students","Percent","2.4"
"Essex School District","","2014-2015","Chronically Absent Students","Percent","2.7"
"Essex School District","","2015-2016","Chronically Absent Students","Percent","3.2"
"Explorations District","","2011-2012","Chronically Absent Students","Percent","20.3"
"Explorations District","","2012-2013","Chronically Absent Students","Percent","39.5"
"Explorations District","","2013-2014","Chronically Absent Students","Percent","29.1"
"Explorations District","","2014-2015","Chronically Absent Students","Percent","28.4"
"Explorations District","","2015-2016","Chronically Absent Students","Percent","30.6"
"Fairfield School District","900126620","2011-2012","Chronically Absent Students","Percent","5.2"
"Fairfield School District","900126620","2012-2013","Chronically Absent Students","Percent","3.4"
"Fairfield School District","900126620","2013-2014","Chronically Absent Students","Percent","3.6"
"Fairfield School District","900126620","2014-2015","Chronically Absent Students","Percent","3.7"
"Fairfield School District","900126620","2015-2016","Chronically Absent Students","Percent","3.8"
"Farmington School District","900327600","2011-2012","Chronically Absent Students","Percent","5.5"
"Farmington School District","900327600","2012-2013","Chronically Absent Students","Percent","6.9"
"Farmington School District","900327600","2013-2014","Chronically Absent Students","Percent","6.4"
"Farmington School District","900327600","2014-2015","Chronically Absent Students","Percent","5.8"
"Farmington School District","900327600","2015-2016","Chronically Absent Students","Percent","4.5"
"Franklin School District","","2011-2012","Chronically Absent Students","Percent","-9999"
"Franklin School District","","2012-2013","Chronically Absent Students","Percent","8.3"
"Franklin School District","","2013-2014","Chronically Absent Students","Percent","-9999"
"Franklin School District","","2014-2015","Chronically Absent Students","Percent","4.3"
"Franklin School District","","2015-2016","Chronically Absent Students","Percent","-9999"
"Glastonbury School District","900331240","2011-2012","Chronically Absent Students","Percent","3.4"
"Glastonbury School District","900331240","2012-2013","Chronically Absent Students","Percent","3.3"
"Glastonbury School District","900331240","2013-2014","Chronically Absent Students","Percent","2.8"
"Glastonbury School District","900331240","2014-2015","Chronically Absent Students","Percent","3.0"
"Glastonbury School District","900331240","2015-2016","Chronically Absent Students","Percent","2.7"
"Granby School District","900332640","2011-2012","Chronically Absent Students","Percent","4.6"
"Granby School District","900332640","2012-2013","Chronically Absent Students","Percent","4.7"
"Granby School District","900332640","2013-2014","Chronically Absent Students","Percent","5.0"
"Granby School District","900332640","2014-2015","Chronically Absent Students","Percent","4.7"
"Granby School District","900332640","2015-2016","Chronically Absent Students","Percent","5.1"
"Great Oaks Charter School Bridgeport","","2011-2012","Chronically Absent Students","Percent","-6666"
"Great Oaks Charter School Bridgeport","","2012-2013","Chronically Absent Students","Percent","-6666"
"Great Oaks Charter School Bridgeport","","2013-2014","Chronically Absent Students","Percent","-6666"
"Great Oaks Charter School Bridgeport","","2014-2015","Chronically Absent Students","Percent","21.1"
"Great Oaks Charter School Bridgeport","","2015-2016","Chronically Absent Students","Percent","15.1"
"Greenwich School District","900133620","2011-2012","Chronically Absent Students","Percent","5.7"
"Greenwich School District","900133620","2012-2013","Chronically Absent Students","Percent","8.0"
"Greenwich School District","900133620","2013-2014","Chronically Absent Students","Percent","4.7"
"Greenwich School District","900133620","2014-2015","Chronically Absent Students","Percent","3.2"
"Greenwich School District","900133620","2015-2016","Chronically Absent Students","Percent","3.8"
"Griswold School District","901133900","2011-2012","Chronically Absent Students","Percent","11.5"
"Griswold School District","901133900","2012-2013","Chronically Absent Students","Percent","10.6"
"Griswold School District","901133900","2013-2014","Chronically Absent Students","Percent","10.6"
"Griswold School District","901133900","2014-2015","Chronically Absent Students","Percent","10.4"
"Griswold School District","901133900","2015-2016","Chronically Absent Students","Percent","9.1"
"Groton School District","901134250","2011-2012","Chronically Absent Students","Percent","13.4"
"Groton School District","901134250","2012-2013","Chronically Absent Students","Percent","12.4"
"Groton School District","901134250","2013-2014","Chronically Absent Students","Percent","11.8"
"Groton School District","901134250","2014-2015","Chronically Absent Students","Percent","11.4"
"Groton School District","901134250","2015-2016","Chronically Absent Students","Percent","11.1"
"Guilford School District","900934950","2011-2012","Chronically Absent Students","Percent","6.3"
"Guilford School District","900934950","2012-2013","Chronically Absent Students","Percent","7.0"
"Guilford School District","900934950","2013-2014","Chronically Absent Students","Percent","5.9"
"Guilford School District","900934950","2014-2015","Chronically Absent Students","Percent","4.9"
"Guilford School District","900934950","2015-2016","Chronically Absent Students","Percent","4.6"
"Hamden School District","900935650","2011-2012","Chronically Absent Students","Percent","13.1"
"Hamden School District","900935650","2012-2013","Chronically Absent Students","Percent","15.1"
"Hamden School District","900935650","2013-2014","Chronically Absent Students","Percent","14.4"
"Hamden School District","900935650","2014-2015","Chronically Absent Students","Percent","14.7"
"Hamden School District","900935650","2015-2016","Chronically Absent Students","Percent","18.4"
"Hampton School District","","2011-2012","Chronically Absent Students","Percent","5.8"
"Hampton School District","","2012-2013","Chronically Absent Students","Percent","-9999"
"Hampton School District","","2013-2014","Chronically Absent Students","Percent","-9999"
"Hampton School District","","2014-2015","Chronically Absent Students","Percent","6.8"
"Hampton School District","","2015-2016","Chronically Absent Students","Percent","7.9"
"Hartford School District","900337070","2011-2012","Chronically Absent Students","Percent","26.0"
"Hartford School District","900337070","2012-2013","Chronically Absent Students","Percent","24.9"
"Hartford School District","900337070","2013-2014","Chronically Absent Students","Percent","26.6"
"Hartford School District","900337070","2014-2015","Chronically Absent Students","Percent","25.7"
"Hartford School District","900337070","2015-2016","Chronically Absent Students","Percent","22.4"
"Hartland School District","","2011-2012","Chronically Absent Students","Percent","3.3"
"Hartland School District","","2012-2013","Chronically Absent Students","Percent","5.6"
"Hartland School District","","2013-2014","Chronically Absent Students","Percent","5.1"
"Hartland School District","","2014-2015","Chronically Absent Students","Percent","3.2"
"Hartland School District","","2015-2016","Chronically Absent Students","Percent","-9999"
"Hebron School District","","2011-2012","Chronically Absent Students","Percent","3.7"
"Hebron School District","","2012-2013","Chronically Absent Students","Percent","3.5"
"Hebron School District","","2013-2014","Chronically Absent Students","Percent","2.1"
"Hebron School District","","2014-2015","Chronically Absent Students","Percent","2.2"
"Hebron School District","","2015-2016","Chronically Absent Students","Percent","1.6"
"Highville Charter School District","","2011-2012","Chronically Absent Students","Percent","4.4"
"Highville Charter School District","","2012-2013","Chronically Absent Students","Percent","5.7"
"Highville Charter School District","","2013-2014","Chronically Absent Students","Percent","2.9"
"Highville Charter School District","","2014-2015","Chronically Absent Students","Percent","6.6"
"Highville Charter School District","","2015-2016","Chronically Absent Students","Percent","7.0"
"Integrated Day Charter School District","","2011-2012","Chronically Absent Students","Percent","6.8"
"Integrated Day Charter School District","","2012-2013","Chronically Absent Students","Percent","7.6"
"Integrated Day Charter School District","","2013-2014","Chronically Absent Students","Percent","6.1"
"Integrated Day Charter School District","","2014-2015","Chronically Absent Students","Percent","5.4"
"Integrated Day Charter School District","","2015-2016","Chronically Absent Students","Percent","4.4"
"Interdistrict School for Arts and Communication District","","2011-2012","Chronically Absent Students","Percent","8.8"
"Interdistrict School for Arts and Communication District","","2012-2013","Chronically Absent Students","Percent","9.7"
"Interdistrict School for Arts and Communication District","","2013-2014","Chronically Absent Students","Percent","11.2"
"Interdistrict School for Arts and Communication District","","2014-2015","Chronically Absent Students","Percent","12.3"
"Interdistrict School for Arts and Communication District","","2015-2016","Chronically Absent Students","Percent","7.3"
"Jumoke Academy District","","2011-2012","Chronically Absent Students","Percent","2.5"
"Jumoke Academy District","","2012-2013","Chronically Absent Students","Percent","6.1"
"Jumoke Academy District","","2013-2014","Chronically Absent Students","Percent","6.2"
"Jumoke Academy District","","2014-2015","Chronically Absent Students","Percent","7.9"
"Jumoke Academy District","","2015-2016","Chronically Absent Students","Percent","6.3"
"Kent School District","","2011-2012","Chronically Absent Students","Percent","6.8"
"Kent School District","","2012-2013","Chronically Absent Students","Percent","4.2"
"Kent School District","","2013-2014","Chronically Absent Students","Percent","2.7"
"Kent School District","","2014-2015","Chronically Absent Students","Percent","2.5"
"Kent School District","","2015-2016","Chronically Absent Students","Percent","2.6"
"Killingly School District","901540500","2011-2012","Chronically Absent Students","Percent","14.2"
"Killingly School District","901540500","2012-2013","Chronically Absent Students","Percent","16.2"
"Killingly School District","901540500","2013-2014","Chronically Absent Students","Percent","12.8"
"Killingly School District","901540500","2014-2015","Chronically Absent Students","Percent","9.7"
"Killingly School District","901540500","2015-2016","Chronically Absent Students","Percent","11.3"
"LEARN","","2011-2012","Chronically Absent Students","Percent","14.5"
"LEARN","","2012-2013","Chronically Absent Students","Percent","31.7"
"LEARN","","2013-2014","Chronically Absent Students","Percent","16.2"
"LEARN","","2014-2015","Chronically Absent Students","Percent","16.0"
"LEARN","","2015-2016","Chronically Absent Students","Percent","10.2"
"Lebanon School District","901142390","2011-2012","Chronically Absent Students","Percent","9.9"
"Lebanon School District","901142390","2012-2013","Chronically Absent Students","Percent","12.8"
"Lebanon School District","901142390","2013-2014","Chronically Absent Students","Percent","7.7"
"Lebanon School District","901142390","2014-2015","Chronically Absent Students","Percent","7.6"
"Lebanon School District","901142390","2015-2016","Chronically Absent Students","Percent","6.5"
"Ledyard School District","901142600","2011-2012","Chronically Absent Students","Percent","8.2"
"Ledyard School District","901142600","2012-2013","Chronically Absent Students","Percent","8.4"
"Ledyard School District","901142600","2013-2014","Chronically Absent Students","Percent","5.6"
"Ledyard School District","901142600","2014-2015","Chronically Absent Students","Percent","3.6"
"Ledyard School District","901142600","2015-2016","Chronically Absent Students","Percent","7.2"
"Lisbon School District","","2011-2012","Chronically Absent Students","Percent","6.1"
"Lisbon School District","","2012-2013","Chronically Absent Students","Percent","7.8"
"Lisbon School District","","2013-2014","Chronically Absent Students","Percent","4.5"
"Lisbon School District","","2014-2015","Chronically Absent Students","Percent","6.5"
"Lisbon School District","","2015-2016","Chronically Absent Students","Percent","5.0"
"Litchfield School District","900543370","2011-2012","Chronically Absent Students","Percent","6.8"
"Litchfield School District","900543370","2012-2013","Chronically Absent Students","Percent","7.9"
"Litchfield School District","900543370","2013-2014","Chronically Absent Students","Percent","7.4"
"Litchfield School District","900543370","2014-2015","Chronically Absent Students","Percent","6.3"
"Litchfield School District","900543370","2015-2016","Chronically Absent Students","Percent","9.2"
"Madison School District","900944560","2011-2012","Chronically Absent Students","Percent","4.1"
"Madison School District","900944560","2012-2013","Chronically Absent Students","Percent","3.6"
"Madison School District","900944560","2013-2014","Chronically Absent Students","Percent","2.3"
"Madison School District","900944560","2014-2015","Chronically Absent Students","Percent","2.9"
"Madison School District","900944560","2015-2016","Chronically Absent Students","Percent","1.9"
"Manchester School District","900344700","2011-2012","Chronically Absent Students","Percent","21.1"
"Manchester School District","900344700","2012-2013","Chronically Absent Students","Percent","13.3"
"Manchester School District","900344700","2013-2014","Chronically Absent Students","Percent","12.4"
"Manchester School District","900344700","2014-2015","Chronically Absent Students","Percent","13.3"
"Manchester School District","900344700","2015-2016","Chronically Absent Students","Percent","14.4"
"Mansfield School District","","2011-2012","Chronically Absent Students","Percent","5.1"
"Mansfield School District","","2012-2013","Chronically Absent Students","Percent","6.0"
"Mansfield School District","","2013-2014","Chronically Absent Students","Percent","4.1"
"Mansfield School District","","2014-2015","Chronically Absent Students","Percent","4.8"
"Mansfield School District","","2015-2016","Chronically Absent Students","Percent","5.0"
"Marlborough School District","","2011-2012","Chronically Absent Students","Percent","4.1"
"Marlborough School District","","2012-2013","Chronically Absent Students","Percent","3.6"
"Marlborough School District","","2013-2014","Chronically Absent Students","Percent","2.0"
"Marlborough School District","","2014-2015","Chronically Absent Students","Percent","5.0"
"Marlborough School District","","2015-2016","Chronically Absent Students","Percent","3.6"
"Meriden School District","900946520","2011-2012","Chronically Absent Students","Percent","12.2"
"Meriden School District","900946520","2012-2013","Chronically Absent Students","Percent","16.2"
"Meriden School District","900946520","2013-2014","Chronically Absent Students","Percent","15.4"
"Meriden School District","900946520","2014-2015","Chronically Absent Students","Percent","16.6"
"Meriden School District","900946520","2015-2016","Chronically Absent Students","Percent","12.7"
"Middletown School District","900747360","2011-2012","Chronically Absent Students","Percent","11.5"
"Middletown School District","900747360","2012-2013","Chronically Absent Students","Percent","11.2"
"Middletown School District","900747360","2013-2014","Chronically Absent Students","Percent","10.1"
"Middletown School District","900747360","2014-2015","Chronically Absent Students","Percent","9.5"
"Middletown School District","900747360","2015-2016","Chronically Absent Students","Percent","9.1"
"Milford School District","900947535","2011-2012","Chronically Absent Students","Percent","10.4"
"Milford School District","900947535","2012-2013","Chronically Absent Students","Percent","12.8"
"Milford School District","900947535","2013-2014","Chronically Absent Students","Percent","10.7"
"Milford School District","900947535","2014-2015","Chronically Absent Students","Percent","8.5"
"Milford School District","900947535","2015-2016","Chronically Absent Students","Percent","7.3"
"Monroe School District","900148620","2011-2012","Chronically Absent Students","Percent","6.3"
"Monroe School District","900148620","2012-2013","Chronically Absent Students","Percent","6.1"
"Monroe School District","900148620","2013-2014","Chronically Absent Students","Percent","3.9"
"Monroe School District","900148620","2014-2015","Chronically Absent Students","Percent","2.8"
"Monroe School District","900148620","2015-2016","Chronically Absent Students","Percent","2.6"
"Montville School District","901148900","2011-2012","Chronically Absent Students","Percent","8.2"
"Montville School District","901148900","2012-2013","Chronically Absent Students","Percent","6.9"
"Montville School District","901148900","2013-2014","Chronically Absent Students","Percent","7.0"
"Montville School District","901148900","2014-2015","Chronically Absent Students","Percent","6.5"
"Montville School District","901148900","2015-2016","Chronically Absent Students","Percent","6.5"
"Naugatuck School District","900949950","2011-2012","Chronically Absent Students","Percent","12.7"
"Naugatuck School District","900949950","2012-2013","Chronically Absent Students","Percent","13.9"
"Naugatuck School District","900949950","2013-2014","Chronically Absent Students","Percent","13.6"
"Naugatuck School District","900949950","2014-2015","Chronically Absent Students","Percent","11.0"
"Naugatuck School District","900949950","2015-2016","Chronically Absent Students","Percent","11.3"
"New Beginnings Inc. Family Academy District","","2011-2012","Chronically Absent Students","Percent","8.1"
"New Beginnings Inc. Family Academy District","","2012-2013","Chronically Absent Students","Percent","9.3"
"New Beginnings Inc. Family Academy District","","2013-2014","Chronically Absent Students","Percent","9.8"
"New Beginnings Inc. Family Academy District","","2014-2015","Chronically Absent Students","Percent","17.1"
"New Beginnings Inc. Family Academy District","","2015-2016","Chronically Absent Students","Percent","7.4"
"New Britain School District","900350440","2011-2012","Chronically Absent Students","Percent","26.6"
"New Britain School District","900350440","2012-2013","Chronically Absent Students","Percent","24.6"
"New Britain School District","900350440","2013-2014","Chronically Absent Students","Percent","19.2"
"New Britain School District","900350440","2014-2015","Chronically Absent Students","Percent","20.7"
"New Britain School District","900350440","2015-2016","Chronically Absent Students","Percent","18.0"
"New Canaan School District","900150580","2011-2012","Chronically Absent Students","Percent","9.1"
"New Canaan School District","900150580","2012-2013","Chronically Absent Students","Percent","4.3"
"New Canaan School District","900150580","2013-2014","Chronically Absent Students","Percent","2.7"
"New Canaan School District","900150580","2014-2015","Chronically Absent Students","Percent","2.8"
"New Canaan School District","900150580","2015-2016","Chronically Absent Students","Percent","2.4"
"New Fairfield School District","900150860","2011-2012","Chronically Absent Students","Percent","7.9"
"New Fairfield School District","900150860","2012-2013","Chronically Absent Students","Percent","6.0"
"New Fairfield School District","900150860","2013-2014","Chronically Absent Students","Percent","4.5"
"New Fairfield School District","900150860","2014-2015","Chronically Absent Students","Percent","2.9"
"New Fairfield School District","900150860","2015-2016","Chronically Absent Students","Percent","3.1"
"New Hartford School District","","2011-2012","Chronically Absent Students","Percent","4.8"
"New Hartford School District","","2012-2013","Chronically Absent Students","Percent","4.4"
"New Hartford School District","","2013-2014","Chronically Absent Students","Percent","5.5"
"New Hartford School District","","2014-2015","Chronically Absent Students","Percent","2.7"
"New Hartford School District","","2015-2016","Chronically Absent Students","Percent","3.6"
"New Haven School District","900952070","2011-2012","Chronically Absent Students","Percent","20.2"
"New Haven School District","900952070","2012-2013","Chronically Absent Students","Percent","16.1"
"New Haven School District","900952070","2013-2014","Chronically Absent Students","Percent","24.7"
"New Haven School District","900952070","2014-2015","Chronically Absent Students","Percent","25.6"
"New Haven School District","900952070","2015-2016","Chronically Absent Students","Percent","19.9"
"Newington School District","900352140","2011-2012","Chronically Absent Students","Percent","4.8"
"Newington School District","900352140","2012-2013","Chronically Absent Students","Percent","3.6"
"Newington School District","900352140","2013-2014","Chronically Absent Students","Percent","7.1"
"Newington School District","900352140","2014-2015","Chronically Absent Students","Percent","6.5"
"Newington School District","900352140","2015-2016","Chronically Absent Students","Percent","5.0"
"New London School District","901152350","2011-2012","Chronically Absent Students","Percent","25.8"
"New London School District","901152350","2012-2013","Chronically Absent Students","Percent","19.6"
"New London School District","901152350","2013-2014","Chronically Absent Students","Percent","22.1"
"New London School District","901152350","2014-2015","Chronically Absent Students","Percent","17.8"
"New London School District","901152350","2015-2016","Chronically Absent Students","Percent","17.6"
"New Milford School District","900552630","2011-2012","Chronically Absent Students","Percent","10.4"
"New Milford School District","900552630","2012-2013","Chronically Absent Students","Percent","9.5"
"New Milford School District","900552630","2013-2014","Chronically Absent Students","Percent","8.8"
"New Milford School District","900552630","2014-2015","Chronically Absent Students","Percent","6.4"
"New Milford School District","900552630","2015-2016","Chronically Absent Students","Percent","5.6"
"Newtown School District","900152980","2011-2012","Chronically Absent Students","Percent","2.7"
"Newtown School District","900152980","2012-2013","Chronically Absent Students","Percent","5.0"
"Newtown School District","900152980","2013-2014","Chronically Absent Students","Percent","4.4"
"Newtown School District","900152980","2014-2015","Chronically Absent Students","Percent","3.7"
"Newtown School District","900152980","2015-2016","Chronically Absent Students","Percent","4.5"
"Norfolk School District","","2011-2012","Chronically Absent Students","Percent","10.7"
"Norfolk School District","","2012-2013","Chronically Absent Students","Percent","12.3"
"Norfolk School District","","2013-2014","Chronically Absent Students","Percent","5.6"
"Norfolk School District","","2014-2015","Chronically Absent Students","Percent","-9999"
"Norfolk School District","","2015-2016","Chronically Absent Students","Percent","-9999"
"North Branford School District","900953890","2011-2012","Chronically Absent Students","Percent","15.2"
"North Branford School District","900953890","2012-2013","Chronically Absent Students","Percent","14.5"
"North Branford School District","900953890","2013-2014","Chronically Absent Students","Percent","5.2"
"North Branford School District","900953890","2014-2015","Chronically Absent Students","Percent","4.0"
"North Branford School District","900953890","2015-2016","Chronically Absent Students","Percent","4.9"
"North Canaan School District","","2011-2012","Chronically Absent Students","Percent","12.8"
"North Canaan School District","","2012-2013","Chronically Absent Students","Percent","14.8"
"North Canaan School District","","2013-2014","Chronically Absent Students","Percent","6.1"
"North Canaan School District","","2014-2015","Chronically Absent Students","Percent","6.0"
"North Canaan School District","","2015-2016","Chronically Absent Students","Percent","5.7"
"North Haven School District","900954870","2011-2012","Chronically Absent Students","Percent","7.4"
"North Haven School District","900954870","2012-2013","Chronically Absent Students","Percent","9.9"
"North Haven School District","900954870","2013-2014","Chronically Absent Students","Percent","8.9"
"North Haven School District","900954870","2014-2015","Chronically Absent Students","Percent","17.5"
"North Haven School District","900954870","2015-2016","Chronically Absent Students","Percent","4.1"
"North Stonington School District","901155500","2011-2012","Chronically Absent Students","Percent","9.4"
"North Stonington School District","901155500","2012-2013","Chronically Absent Students","Percent","11.3"
"North Stonington School District","901155500","2013-2014","Chronically Absent Students","Percent","7.1"
"North Stonington School District","901155500","2014-2015","Chronically Absent Students","Percent","1.8"
"North Stonington School District","901155500","2015-2016","Chronically Absent Students","Percent","4.3"
"Norwalk School District","900156060","2011-2012","Chronically Absent Students","Percent","11.6"
"Norwalk School District","900156060","2012-2013","Chronically Absent Students","Percent","11.6"
"Norwalk School District","900156060","2013-2014","Chronically Absent Students","Percent","10.8"
"Norwalk School District","900156060","2014-2015","Chronically Absent Students","Percent","8.3"
"Norwalk School District","900156060","2015-2016","Chronically Absent Students","Percent","10.2"
"Norwich Free Academy District","","2011-2012","Chronically Absent Students","Percent","10.7"
"Norwich Free Academy District","","2012-2013","Chronically Absent Students","Percent","11.5"
"Norwich Free Academy District","","2013-2014","Chronically Absent Students","Percent","31.0"
"Norwich Free Academy District","","2014-2015","Chronically Absent Students","Percent","15.2"
"Norwich Free Academy District","","2015-2016","Chronically Absent Students","Percent","10.9"
"Norwich School District","901156270","2011-2012","Chronically Absent Students","Percent","14.4"
"Norwich School District","901156270","2012-2013","Chronically Absent Students","Percent","13.5"
"Norwich School District","901156270","2013-2014","Chronically Absent Students","Percent","14.9"
"Norwich School District","901156270","2014-2015","Chronically Absent Students","Percent","13.4"
"Norwich School District","901156270","2015-2016","Chronically Absent Students","Percent","9.7"
"Odyssey Community School District","","2011-2012","Chronically Absent Students","Percent","8.9"
"Odyssey Community School District","","2012-2013","Chronically Absent Students","Percent","9.4"
"Odyssey Community School District","","2013-2014","Chronically Absent Students","Percent","11.7"
"Odyssey Community School District","","2014-2015","Chronically Absent Students","Percent","7.2"
"Odyssey Community School District","","2015-2016","Chronically Absent Students","Percent","4.3"
"Old Saybrook School District","900757320","2011-2012","Chronically Absent Students","Percent","15.9"
"Old Saybrook School District","900757320","2012-2013","Chronically Absent Students","Percent","16.2"
"Old Saybrook School District","900757320","2013-2014","Chronically Absent Students","Percent","6.1"
"Old Saybrook School District","900757320","2014-2015","Chronically Absent Students","Percent","11.7"
"Old Saybrook School District","900757320","2015-2016","Chronically Absent Students","Percent","6.4"
"Orange School District","","2011-2012","Chronically Absent Students","Percent","4.0"
"Orange School District","","2012-2013","Chronically Absent Students","Percent","4.6"
"Orange School District","","2013-2014","Chronically Absent Students","Percent","4.9"
"Orange School District","","2014-2015","Chronically Absent Students","Percent","3.1"
"Orange School District","","2015-2016","Chronically Absent Students","Percent","3.2"
"Oxford School District","900958300","2011-2012","Chronically Absent Students","Percent","6.0"
"Oxford School District","900958300","2012-2013","Chronically Absent Students","Percent","8.1"
"Oxford School District","900958300","2013-2014","Chronically Absent Students","Percent","8.1"
"Oxford School District","900958300","2014-2015","Chronically Absent Students","Percent","7.3"
"Oxford School District","900958300","2015-2016","Chronically Absent Students","Percent","6.8"
"Park City Prep Charter School District","","2011-2012","Chronically Absent Students","Percent","9.1"
"Park City Prep Charter School District","","2012-2013","Chronically Absent Students","Percent","4.9"
"Park City Prep Charter School District","","2013-2014","Chronically Absent Students","Percent","6.3"
"Park City Prep Charter School District","","2014-2015","Chronically Absent Students","Percent","8.1"
"Park City Prep Charter School District","","2015-2016","Chronically Absent Students","Percent","6.3"
"Path Academy District","","2011-2012","Chronically Absent Students","Percent","-6666"
"Path Academy District","","2012-2013","Chronically Absent Students","Percent","-6666"
"Path Academy District","","2013-2014","Chronically Absent Students","Percent","-6666"
"Path Academy District","","2014-2015","Chronically Absent Students","Percent","82.8"
"Path Academy District","","2015-2016","Chronically Absent Students","Percent","100.0"
"Plainfield School District","901559980","2011-2012","Chronically Absent Students","Percent","12.1"
"Plainfield School District","901559980","2012-2013","Chronically Absent Students","Percent","12.1"
"Plainfield School District","901559980","2013-2014","Chronically Absent Students","Percent","12.4"
"Plainfield School District","901559980","2014-2015","Chronically Absent Students","Percent","9.6"
"Plainfield School District","901559980","2015-2016","Chronically Absent Students","Percent","12.0"
"Plainville School District","900360120","2011-2012","Chronically Absent Students","Percent","10.4"
"Plainville School District","900360120","2012-2013","Chronically Absent Students","Percent","11.2"
"Plainville School District","900360120","2013-2014","Chronically Absent Students","Percent","7.7"
"Plainville School District","900360120","2014-2015","Chronically Absent Students","Percent","8.0"
"Plainville School District","900360120","2015-2016","Chronically Absent Students","Percent","8.2"
"Plymouth School District","900560750","2011-2012","Chronically Absent Students","Percent","8.6"
"Plymouth School District","900560750","2012-2013","Chronically Absent Students","Percent","9.6"
"Plymouth School District","900560750","2013-2014","Chronically Absent Students","Percent","9.8"
"Plymouth School District","900560750","2014-2015","Chronically Absent Students","Percent","12.5"
"Plymouth School District","900560750","2015-2016","Chronically Absent Students","Percent","11.0"
"Pomfret School District","","2011-2012","Chronically Absent Students","Percent","2.8"
"Pomfret School District","","2012-2013","Chronically Absent Students","Percent","3.8"
"Pomfret School District","","2013-2014","Chronically Absent Students","Percent","2.2"
"Pomfret School District","","2014-2015","Chronically Absent Students","Percent","3.8"
"Pomfret School District","","2015-2016","Chronically Absent Students","Percent","2.6"
"Portland School District","900761800","2011-2012","Chronically Absent Students","Percent","4.5"
"Portland School District","900761800","2012-2013","Chronically Absent Students","Percent","5.9"
"Portland School District","900761800","2013-2014","Chronically Absent Students","Percent","5.4"
"Portland School District","900761800","2014-2015","Chronically Absent Students","Percent","7.4"
"Portland School District","900761800","2015-2016","Chronically Absent Students","Percent","6.1"
"Preston School District","","2011-2012","Chronically Absent Students","Percent","-9999"
"Preston School District","","2012-2013","Chronically Absent Students","Percent","8.8"
"Preston School District","","2013-2014","Chronically Absent Students","Percent","-9999"
"Preston School District","","2014-2015","Chronically Absent Students","Percent","8.4"
"Preston School District","","2015-2016","Chronically Absent Students","Percent","4.6"
"Putnam School District","901562710","2011-2012","Chronically Absent Students","Percent","12.3"
"Putnam School District","901562710","2012-2013","Chronically Absent Students","Percent","14.3"
"Putnam School District","901562710","2013-2014","Chronically Absent Students","Percent","13.7"
"Putnam School District","901562710","2014-2015","Chronically Absent Students","Percent","14.3"
"Putnam School District","901562710","2015-2016","Chronically Absent Students","Percent","14.7"
"Redding School District","","2011-2012","Chronically Absent Students","Percent","5.3"
"Redding School District","","2012-2013","Chronically Absent Students","Percent","5.4"
"Redding School District","","2013-2014","Chronically Absent Students","Percent","1.9"
"Redding School District","","2014-2015","Chronically Absent Students","Percent","3.0"
"Redding School District","","2015-2016","Chronically Absent Students","Percent","3.0"
"Regional School District 01","","2011-2012","Chronically Absent Students","Percent","6.8"
"Regional School District 01","","2012-2013","Chronically Absent Students","Percent","4.8"
"Regional School District 01","","2013-2014","Chronically Absent Students","Percent","3.3"
"Regional School District 01","","2014-2015","Chronically Absent Students","Percent","15.6"
"Regional School District 01","","2015-2016","Chronically Absent Students","Percent","10.2"
"Regional School District 04","","2011-2012","Chronically Absent Students","Percent","8.6"
"Regional School District 04","","2012-2013","Chronically Absent Students","Percent","10.2"
"Regional School District 04","","2013-2014","Chronically Absent Students","Percent","9.9"
"Regional School District 04","","2014-2015","Chronically Absent Students","Percent","7.8"
"Regional School District 04","","2015-2016","Chronically Absent Students","Percent","6.8"
"Regional School District 05","","2011-2012","Chronically Absent Students","Percent","8.8"
"Regional School District 05","","2012-2013","Chronically Absent Students","Percent","11.0"
"Regional School District 05","","2013-2014","Chronically Absent Students","Percent","11.2"
"Regional School District 05","","2014-2015","Chronically Absent Students","Percent","10.7"
"Regional School District 05","","2015-2016","Chronically Absent Students","Percent","2.7"
"Regional School District 06","","2011-2012","Chronically Absent Students","Percent","4.3"
"Regional School District 06","","2012-2013","Chronically Absent Students","Percent","5.9"
"Regional School District 06","","2013-2014","Chronically Absent Students","Percent","4.4"
"Regional School District 06","","2014-2015","Chronically Absent Students","Percent","4.7"
"Regional School District 06","","2015-2016","Chronically Absent Students","Percent","4.8"
"Regional School District 07","","2011-2012","Chronically Absent Students","Percent","18.8"
"Regional School District 07","","2012-2013","Chronically Absent Students","Percent","6.7"
"Regional School District 07","","2013-2014","Chronically Absent Students","Percent","6.3"
"Regional School District 07","","2014-2015","Chronically Absent Students","Percent","5.6"
"Regional School District 07","","2015-2016","Chronically Absent Students","Percent","4.6"
"Regional School District 08","","2011-2012","Chronically Absent Students","Percent","15.7"
"Regional School District 08","","2012-2013","Chronically Absent Students","Percent","17.3"
"Regional School District 08","","2013-2014","Chronically Absent Students","Percent","12.4"
"Regional School District 08","","2014-2015","Chronically Absent Students","Percent","12.5"
"Regional School District 08","","2015-2016","Chronically Absent Students","Percent","6.9"
"Regional School District 09","","2011-2012","Chronically Absent Students","Percent","14.1"
"Regional School District 09","","2012-2013","Chronically Absent Students","Percent","13.3"
"Regional School District 09","","2013-2014","Chronically Absent Students","Percent","9.9"
"Regional School District 09","","2014-2015","Chronically Absent Students","Percent","9.0"
"Regional School District 09","","2015-2016","Chronically Absent Students","Percent","9.4"
"Regional School District 10","","2011-2012","Chronically Absent Students","Percent","8.8"
"Regional School District 10","","2012-2013","Chronically Absent Students","Percent","5.4"
"Regional School District 10","","2013-2014","Chronically Absent Students","Percent","7.3"
"Regional School District 10","","2014-2015","Chronically Absent Students","Percent","6.3"
"Regional School District 10","","2015-2016","Chronically Absent Students","Percent","6.2"
"Regional School District 11","","2011-2012","Chronically Absent Students","Percent","6.5"
"Regional School District 11","","2012-2013","Chronically Absent Students","Percent","10.2"
"Regional School District 11","","2013-2014","Chronically Absent Students","Percent","6.1"
"Regional School District 11","","2014-2015","Chronically Absent Students","Percent","7.1"
"Regional School District 11","","2015-2016","Chronically Absent Students","Percent","9.3"
"Regional School District 12","","2011-2012","Chronically Absent Students","Percent","8.3"
"Regional School District 12","","2012-2013","Chronically Absent Students","Percent","10.7"
"Regional School District 12","","2013-2014","Chronically Absent Students","Percent","7.0"
"Regional School District 12","","2014-2015","Chronically Absent Students","Percent","8.7"
"Regional School District 12","","2015-2016","Chronically Absent Students","Percent","5.7"
"Regional School District 13","","2011-2012","Chronically Absent Students","Percent","4.4"
"Regional School District 13","","2012-2013","Chronically Absent Students","Percent","4.6"
"Regional School District 13","","2013-2014","Chronically Absent Students","Percent","4.2"
"Regional School District 13","","2014-2015","Chronically Absent Students","Percent","4.2"
"Regional School District 13","","2015-2016","Chronically Absent Students","Percent","5.1"
"Regional School District 14","","2011-2012","Chronically Absent Students","Percent","3.2"
"Regional School District 14","","2012-2013","Chronically Absent Students","Percent","4.2"
"Regional School District 14","","2013-2014","Chronically Absent Students","Percent","7.5"
"Regional School District 14","","2014-2015","Chronically Absent Students","Percent","2.0"
"Regional School District 14","","2015-2016","Chronically Absent Students","Percent","6.3"
"Regional School District 15","","2011-2012","Chronically Absent Students","Percent","4.5"
"Regional School District 15","","2012-2013","Chronically Absent Students","Percent","5.7"
"Regional School District 15","","2013-2014","Chronically Absent Students","Percent","4.2"
"Regional School District 15","","2014-2015","Chronically Absent Students","Percent","4.4"
"Regional School District 15","","2015-2016","Chronically Absent Students","Percent","3.1"
"Regional School District 16","","2011-2012","Chronically Absent Students","Percent","7.4"
"Regional School District 16","","2012-2013","Chronically Absent Students","Percent","6.7"
"Regional School District 16","","2013-2014","Chronically Absent Students","Percent","4.9"
"Regional School District 16","","2014-2015","Chronically Absent Students","Percent","8.8"
"Regional School District 16","","2015-2016","Chronically Absent Students","Percent","7.2"
"Regional School District 17","","2011-2012","Chronically Absent Students","Percent","4.5"
"Regional School District 17","","2012-2013","Chronically Absent Students","Percent","3.4"
"Regional School District 17","","2013-2014","Chronically Absent Students","Percent","4.2"
"Regional School District 17","","2014-2015","Chronically Absent Students","Percent","5.0"
"Regional School District 17","","2015-2016","Chronically Absent Students","Percent","4.3"
"Regional School District 18","","2011-2012","Chronically Absent Students","Percent","4.7"
"Regional School District 18","","2012-2013","Chronically Absent Students","Percent","4.7"
"Regional School District 18","","2013-2014","Chronically Absent Students","Percent","6.1"
"Regional School District 18","","2014-2015","Chronically Absent Students","Percent","7.0"
"Regional School District 18","","2015-2016","Chronically Absent Students","Percent","6.9"
"Regional School District 19","","2011-2012","Chronically Absent Students","Percent","15.6"
"Regional School District 19","","2012-2013","Chronically Absent Students","Percent","15.6"
"Regional School District 19","","2013-2014","Chronically Absent Students","Percent","15.9"
"Regional School District 19","","2014-2015","Chronically Absent Students","Percent","6.9"
"Regional School District 19","","2015-2016","Chronically Absent Students","Percent","9.2"
"Ridgefield School District","900163970","2011-2012","Chronically Absent Students","Percent","5.3"
"Ridgefield School District","900163970","2012-2013","Chronically Absent Students","Percent","6.6"
"Ridgefield School District","900163970","2013-2014","Chronically Absent Students","Percent","6.1"
"Ridgefield School District","900163970","2014-2015","Chronically Absent Students","Percent","5.5"
"Ridgefield School District","900163970","2015-2016","Chronically Absent Students","Percent","4.5"
"Rocky Hill School District","900365370","2011-2012","Chronically Absent Students","Percent","7.4"
"Rocky Hill School District","900365370","2012-2013","Chronically Absent Students","Percent","8.3"
"Rocky Hill School District","900365370","2013-2014","Chronically Absent Students","Percent","6.3"
"Rocky Hill School District","900365370","2014-2015","Chronically Absent Students","Percent","7.7"
"Rocky Hill School District","900365370","2015-2016","Chronically Absent Students","Percent","8.3"
"Salem School District","","2011-2012","Chronically Absent Students","Percent","3.7"
"Salem School District","","2012-2013","Chronically Absent Students","Percent","3.9"
"Salem School District","","2013-2014","Chronically Absent Students","Percent","4.3"
"Salem School District","","2014-2015","Chronically Absent Students","Percent","4.6"
"Salem School District","","2015-2016","Chronically Absent Students","Percent","5.0"
"Salisbury School District","","2011-2012","Chronically Absent Students","Percent","7.2"
"Salisbury School District","","2012-2013","Chronically Absent Students","Percent","7.0"
"Salisbury School District","","2013-2014","Chronically Absent Students","Percent","4.2"
"Salisbury School District","","2014-2015","Chronically Absent Students","Percent","7.0"
"Salisbury School District","","2015-2016","Chronically Absent Students","Percent","4.4"
"Scotland School District","","2011-2012","Chronically Absent Students","Percent","4.8"
"Scotland School District","","2012-2013","Chronically Absent Students","Percent","5.3"
"Scotland School District","","2013-2014","Chronically Absent Students","Percent","5.3"
"Scotland School District","","2014-2015","Chronically Absent Students","Percent","-9999"
"Scotland School District","","2015-2016","Chronically Absent Students","Percent","-9999"
"Seymour School District","900967610","2011-2012","Chronically Absent Students","Percent","7.7"
"Seymour School District","900967610","2012-2013","Chronically Absent Students","Percent","11.7"
"Seymour School District","900967610","2013-2014","Chronically Absent Students","Percent","9.1"
"Seymour School District","900967610","2014-2015","Chronically Absent Students","Percent","6.3"
"Seymour School District","900967610","2015-2016","Chronically Absent Students","Percent","8.6"
"Sharon School District","","2011-2012","Chronically Absent Students","Percent","7.1"
"Sharon School District","","2012-2013","Chronically Absent Students","Percent","5.0"
"Sharon School District","","2013-2014","Chronically Absent Students","Percent","-9999"
"Sharon School District","","2014-2015","Chronically Absent Students","Percent","3.4"
"Sharon School District","","2015-2016","Chronically Absent Students","Percent","5.1"
"Shelton School District","900168170","2011-2012","Chronically Absent Students","Percent","7.3"
"Shelton School District","900168170","2012-2013","Chronically Absent Students","Percent","13.2"
"Shelton School District","900168170","2013-2014","Chronically Absent Students","Percent","12.1"
"Shelton School District","900168170","2014-2015","Chronically Absent Students","Percent","12.0"
"Shelton School District","900168170","2015-2016","Chronically Absent Students","Percent","13.4"
"Sherman School District","","2011-2012","Chronically Absent Students","Percent","5.9"
"Sherman School District","","2012-2013","Chronically Absent Students","Percent","7.1"
"Sherman School District","","2013-2014","Chronically Absent Students","Percent","7.0"
"Sherman School District","","2014-2015","Chronically Absent Students","Percent","6.8"
"Sherman School District","","2015-2016","Chronically Absent Students","Percent","5.8"
"Side By Side Charter School District","","2011-2012","Chronically Absent Students","Percent","7.4"
"Side By Side Charter School District","","2012-2013","Chronically Absent Students","Percent","8.3"
"Side By Side Charter School District","","2013-2014","Chronically Absent Students","Percent","6.2"
"Side By Side Charter School District","","2014-2015","Chronically Absent Students","Percent","9.8"
"Side By Side Charter School District","","2015-2016","Chronically Absent Students","Percent","4.2"
"Simsbury School District","900368940","2011-2012","Chronically Absent Students","Percent","4.7"
"Simsbury School District","900368940","2012-2013","Chronically Absent Students","Percent","6.4"
"Simsbury School District","900368940","2013-2014","Chronically Absent Students","Percent","6.1"
"Simsbury School District","900368940","2014-2015","Chronically Absent Students","Percent","5.3"
"Simsbury School District","900368940","2015-2016","Chronically Absent Students","Percent","4.7"
"Somers School District","901369220","2011-2012","Chronically Absent Students","Percent","14.5"
"Somers School District","901369220","2012-2013","Chronically Absent Students","Percent","13.3"
"Somers School District","901369220","2013-2014","Chronically Absent Students","Percent","10.1"
"Somers School District","901369220","2014-2015","Chronically Absent Students","Percent","11.8"
"Somers School District","901369220","2015-2016","Chronically Absent Students","Percent","10.9"
"Southington School District","900370550","2011-2012","Chronically Absent Students","Percent","7.0"
"Southington School District","900370550","2012-2013","Chronically Absent Students","Percent","6.8"
"Southington School District","900370550","2013-2014","Chronically Absent Students","Percent","6.6"
"Southington School District","900370550","2014-2015","Chronically Absent Students","Percent","6.0"
"Southington School District","900370550","2015-2016","Chronically Absent Students","Percent","6.3"
"South Windsor School District","900371390","2011-2012","Chronically Absent Students","Percent","14.4"
"South Windsor School District","900371390","2012-2013","Chronically Absent Students","Percent","5.8"
"South Windsor School District","900371390","2013-2014","Chronically Absent Students","Percent","3.6"
"South Windsor School District","900371390","2014-2015","Chronically Absent Students","Percent","3.7"
"South Windsor School District","900371390","2015-2016","Chronically Absent Students","Percent","4.0"
"Sprague School District","","2011-2012","Chronically Absent Students","Percent","8.0"
"Sprague School District","","2012-2013","Chronically Absent Students","Percent","8.3"
"Sprague School District","","2013-2014","Chronically Absent Students","Percent","8.3"
"Sprague School District","","2014-2015","Chronically Absent Students","Percent","11.8"
"Sprague School District","","2015-2016","Chronically Absent Students","Percent","8.3"
"Stafford School District","901372090","2011-2012","Chronically Absent Students","Percent","7.8"
"Stafford School District","901372090","2012-2013","Chronically Absent Students","Percent","7.1"
"Stafford School District","901372090","2013-2014","Chronically Absent Students","Percent","7.4"
"Stafford School District","901372090","2014-2015","Chronically Absent Students","Percent","8.7"
"Stafford School District","901372090","2015-2016","Chronically Absent Students","Percent","8.0"
"Stamford Academy District","","2011-2012","Chronically Absent Students","Percent","-9999"
"Stamford Academy District","","2012-2013","Chronically Absent Students","Percent","97.3"
"Stamford Academy District","","2013-2014","Chronically Absent Students","Percent","-9999"
"Stamford Academy District","","2014-2015","Chronically Absent Students","Percent","86.9"
"Stamford Academy District","","2015-2016","Chronically Absent Students","Percent","99.3"
"Stamford Charter School for Excellence District","","2011-2012","Chronically Absent Students","Percent","-6666"
"Stamford Charter School for Excellence District","","2012-2013","Chronically Absent Students","Percent","-6666"
"Stamford Charter School for Excellence District","","2013-2014","Chronically Absent Students","Percent","-6666"
"Stamford Charter School for Excellence District","","2014-2015","Chronically Absent Students","Percent","-6666"
"Stamford Charter School for Excellence District","","2015-2016","Chronically Absent Students","Percent","8.2"
"Stamford School District","900173070","2011-2012","Chronically Absent Students","Percent","9.6"
"Stamford School District","900173070","2012-2013","Chronically Absent Students","Percent","14.5"
"Stamford School District","900173070","2013-2014","Chronically Absent Students","Percent","10.0"
"Stamford School District","900173070","2014-2015","Chronically Absent Students","Percent","13.9"
"Stamford School District","900173070","2015-2016","Chronically Absent Students","Percent","11.7"
"Sterling School District","","2011-2012","Chronically Absent Students","Percent","8.2"
"Sterling School District","","2012-2013","Chronically Absent Students","Percent","5.1"
"Sterling School District","","2013-2014","Chronically Absent Students","Percent","6.9"
"Sterling School District","","2014-2015","Chronically Absent Students","Percent","7.0"
"Sterling School District","","2015-2016","Chronically Absent Students","Percent","8.6"
"Stonington School District","901173770","2011-2012","Chronically Absent Students","Percent","16.8"
"Stonington School District","901173770","2012-2013","Chronically Absent Students","Percent","6.4"
"Stonington School District","901173770","2013-2014","Chronically Absent Students","Percent","8.8"
"Stonington School District","901173770","2014-2015","Chronically Absent Students","Percent","8.4"
"Stonington School District","901173770","2015-2016","Chronically Absent Students","Percent","6.3"
"Stratford School District","900174190","2011-2012","Chronically Absent Students","Percent","9.3"
"Stratford School District","900174190","2012-2013","Chronically Absent Students","Percent","12.5"
"Stratford School District","900174190","2013-2014","Chronically Absent Students","Percent","11.3"
"Stratford School District","900174190","2014-2015","Chronically Absent Students","Percent","10.3"
"Stratford School District","900174190","2015-2016","Chronically Absent Students","Percent","11.8"
"Suffield School District","900374540","2011-2012","Chronically Absent Students","Percent","7.6"
"Suffield School District","900374540","2012-2013","Chronically Absent Students","Percent","5.8"
"Suffield School District","900374540","2013-2014","Chronically Absent Students","Percent","6.8"
"Suffield School District","900374540","2014-2015","Chronically Absent Students","Percent","1.2"
"Suffield School District","900374540","2015-2016","Chronically Absent Students","Percent","6.1"
"The Bridge Academy District","","2011-2012","Chronically Absent Students","Percent","4.2"
"The Bridge Academy District","","2012-2013","Chronically Absent Students","Percent","5.3"
"The Bridge Academy District","","2013-2014","Chronically Absent Students","Percent","8.4"
"The Bridge Academy District","","2014-2015","Chronically Absent Students","Percent","7.7"
"The Bridge Academy District","","2015-2016","Chronically Absent Students","Percent","8.6"
"The Gilbert School District","","2011-2012","Chronically Absent Students","Percent","12.9"
"The Gilbert School District","","2012-2013","Chronically Absent Students","Percent","14.9"
"The Gilbert School District","","2013-2014","Chronically Absent Students","Percent","15.8"
"The Gilbert School District","","2014-2015","Chronically Absent Students","Percent","23.5"
"The Gilbert School District","","2015-2016","Chronically Absent Students","Percent","4.9"
"Thomaston School District","900575730","2011-2012","Chronically Absent Students","Percent","5.9"
"Thomaston School District","900575730","2012-2013","Chronically Absent Students","Percent","6.7"
"Thomaston School District","900575730","2013-2014","Chronically Absent Students","Percent","5.5"
"Thomaston School District","900575730","2014-2015","Chronically Absent Students","Percent","6.8"
"Thomaston School District","900575730","2015-2016","Chronically Absent Students","Percent","7.0"
"Thompson School District","901575870","2011-2012","Chronically Absent Students","Percent","11.9"
"Thompson School District","901575870","2012-2013","Chronically Absent Students","Percent","8.3"
"Thompson School District","901575870","2013-2014","Chronically Absent Students","Percent","5.7"
"Thompson School District","901575870","2014-2015","Chronically Absent Students","Percent","5.5"
"Thompson School District","901575870","2015-2016","Chronically Absent Students","Percent","7.7"
"Tolland School District","901376290","2011-2012","Chronically Absent Students","Percent","5.8"
"Tolland School District","901376290","2012-2013","Chronically Absent Students","Percent","5.7"
"Tolland School District","901376290","2013-2014","Chronically Absent Students","Percent","3.4"
"Tolland School District","901376290","2014-2015","Chronically Absent Students","Percent","4.4"
"Tolland School District","901376290","2015-2016","Chronically Absent Students","Percent","4.9"
"Torrington School District","900576570","2011-2012","Chronically Absent Students","Percent","14.1"
"Torrington School District","900576570","2012-2013","Chronically Absent Students","Percent","13.9"
"Torrington School District","900576570","2013-2014","Chronically Absent Students","Percent","14.2"
"Torrington School District","900576570","2014-2015","Chronically Absent Students","Percent","10.8"
"Torrington School District","900576570","2015-2016","Chronically Absent Students","Percent","9.8"
"Trailblazers Academy District","","2011-2012","Chronically Absent Students","Percent","6.5"
"Trailblazers Academy District","","2012-2013","Chronically Absent Students","Percent","-9999"
"Trailblazers Academy District","","2013-2014","Chronically Absent Students","Percent","0.0"
"Trailblazers Academy District","","2014-2015","Chronically Absent Students","Percent","65.9"
"Trailblazers Academy District","","2015-2016","Chronically Absent Students","Percent","18.6"
"Trumbull School District","900177200","2011-2012","Chronically Absent Students","Percent","6.1"
"Trumbull School District","900177200","2012-2013","Chronically Absent Students","Percent","4.1"
"Trumbull School District","900177200","2013-2014","Chronically Absent Students","Percent","2.2"
"Trumbull School District","900177200","2014-2015","Chronically Absent Students","Percent","3.4"
"Trumbull School District","900177200","2015-2016","Chronically Absent Students","Percent","4.9"
"Unified School District #1","","2011-2012","Chronically Absent Students","Percent","46.8"
"Unified School District #1","","2012-2013","Chronically Absent Students","Percent","43.0"
"Unified School District #1","","2013-2014","Chronically Absent Students","Percent","21.9"
"Unified School District #1","","2014-2015","Chronically Absent Students","Percent","31.8"
"Unified School District #1","","2015-2016","Chronically Absent Students","Percent","34.3"
"Unified School District #2","","2011-2012","Chronically Absent Students","Percent","19.3"
"Unified School District #2","","2012-2013","Chronically Absent Students","Percent","21.8"
"Unified School District #2","","2013-2014","Chronically Absent Students","Percent","-9999"
"Unified School District #2","","2014-2015","Chronically Absent Students","Percent","3.3"
"Unified School District #2","","2015-2016","Chronically Absent Students","Percent","9.1"
"Union School District","","2011-2012","Chronically Absent Students","Percent","0.0"
"Union School District","","2012-2013","Chronically Absent Students","Percent","0.0"
"Union School District","","2013-2014","Chronically Absent Students","Percent","-9999"
"Union School District","","2014-2015","Chronically Absent Students","Percent","7.8"
"Union School District","","2015-2016","Chronically Absent Students","Percent","-9999"
"Vernon School District","901378250","2011-2012","Chronically Absent Students","Percent","10.0"
"Vernon School District","901378250","2012-2013","Chronically Absent Students","Percent","8.1"
"Vernon School District","901378250","2013-2014","Chronically Absent Students","Percent","7.2"
"Vernon School District","901378250","2014-2015","Chronically Absent Students","Percent","9.0"
"Vernon School District","901378250","2015-2016","Chronically Absent Students","Percent","10.0"
"Voluntown School District","","2011-2012","Chronically Absent Students","Percent","7.8"
"Voluntown School District","","2012-2013","Chronically Absent Students","Percent","8.8"
"Voluntown School District","","2013-2014","Chronically Absent Students","Percent","9.3"
"Voluntown School District","","2014-2015","Chronically Absent Students","Percent","6.8"
"Voluntown School District","","2015-2016","Chronically Absent Students","Percent","3.1"
"Wallingford School District","900978740","2011-2012","Chronically Absent Students","Percent","11.3"
"Wallingford School District","900978740","2012-2013","Chronically Absent Students","Percent","9.7"
"Wallingford School District","900978740","2013-2014","Chronically Absent Students","Percent","5.6"
"Wallingford School District","900978740","2014-2015","Chronically Absent Students","Percent","5.2"
"Wallingford School District","900978740","2015-2016","Chronically Absent Students","Percent","5.1"
"Waterbury School District","900980070","2011-2012","Chronically Absent Students","Percent","18.1"
"Waterbury School District","900980070","2012-2013","Chronically Absent Students","Percent","19.8"
"Waterbury School District","900980070","2013-2014","Chronically Absent Students","Percent","20.6"
"Waterbury School District","900980070","2014-2015","Chronically Absent Students","Percent","18.6"
"Waterbury School District","900980070","2015-2016","Chronically Absent Students","Percent","16.2"
"Waterford School District","901180280","2011-2012","Chronically Absent Students","Percent","7.1"
"Waterford School District","901180280","2012-2013","Chronically Absent Students","Percent","7.5"
"Waterford School District","901180280","2013-2014","Chronically Absent Students","Percent","5.8"
"Waterford School District","901180280","2014-2015","Chronically Absent Students","Percent","5.9"
"Waterford School District","901180280","2015-2016","Chronically Absent Students","Percent","5.7"
"Watertown School District","900580490","2011-2012","Chronically Absent Students","Percent","11.3"
"Watertown School District","900580490","2012-2013","Chronically Absent Students","Percent","10.3"
"Watertown School District","900580490","2013-2014","Chronically Absent Students","Percent","10.4"
"Watertown School District","900580490","2014-2015","Chronically Absent Students","Percent","9.3"
"Watertown School District","900580490","2015-2016","Chronically Absent Students","Percent","7.8"
"Westbrook School District","900781680","2011-2012","Chronically Absent Students","Percent","5.3"
"Westbrook School District","900781680","2012-2013","Chronically Absent Students","Percent","7.2"
"Westbrook School District","900781680","2013-2014","Chronically Absent Students","Percent","5.0"
"Westbrook School District","900781680","2014-2015","Chronically Absent Students","Percent","3.7"
"Westbrook School District","900781680","2015-2016","Chronically Absent Students","Percent","4.4"
"Western Connecticut Regional Educational Services","","2011-2012","Chronically Absent Students","Percent","-9999"
"Western Connecticut Regional Educational Services","","2012-2013","Chronically Absent Students","Percent","-9999"
"Western Connecticut Regional Educational Services","","2013-2014","Chronically Absent Students","Percent","-9999"
"Western Connecticut Regional Educational Services","","2014-2015","Chronically Absent Students","Percent","65.4"
"Western Connecticut Regional Educational Services","","2015-2016","Chronically Absent Students","Percent","-9999"
"West Hartford School District","900382590","2011-2012","Chronically Absent Students","Percent","5.5"
"West Hartford School District","900382590","2012-2013","Chronically Absent Students","Percent","6.0"
"West Hartford School District","900382590","2013-2014","Chronically Absent Students","Percent","5.1"
"West Hartford School District","900382590","2014-2015","Chronically Absent Students","Percent","5.3"
"West Hartford School District","900382590","2015-2016","Chronically Absent Students","Percent","5.3"
"West Haven School District","900982870","2011-2012","Chronically Absent Students","Percent","14.4"
"West Haven School District","900982870","2012-2013","Chronically Absent Students","Percent","16.6"
"West Haven School District","900982870","2013-2014","Chronically Absent Students","Percent","14.8"
"West Haven School District","900982870","2014-2015","Chronically Absent Students","Percent","16.3"
"West Haven School District","900982870","2015-2016","Chronically Absent Students","Percent","11.4"
"Weston School District","900183430","2011-2012","Chronically Absent Students","Percent","11.1"
"Weston School District","900183430","2012-2013","Chronically Absent Students","Percent","7.8"
"Weston School District","900183430","2013-2014","Chronically Absent Students","Percent","5.5"
"Weston School District","900183430","2014-2015","Chronically Absent Students","Percent","5.9"
"Weston School District","900183430","2015-2016","Chronically Absent Students","Percent","4.1"
"Westport School District","900183500","2011-2012","Chronically Absent Students","Percent","2.0"
"Westport School District","900183500","2012-2013","Chronically Absent Students","Percent","2.5"
"Westport School District","900183500","2013-2014","Chronically Absent Students","Percent","2.8"
"Westport School District","900183500","2014-2015","Chronically Absent Students","Percent","1.8"
"Westport School District","900183500","2015-2016","Chronically Absent Students","Percent","2.5"
"Wethersfield School District","900384900","2011-2012","Chronically Absent Students","Percent","4.8"
"Wethersfield School District","900384900","2012-2013","Chronically Absent Students","Percent","9.4"
"Wethersfield School District","900384900","2013-2014","Chronically Absent Students","Percent","4.4"
"Wethersfield School District","900384900","2014-2015","Chronically Absent Students","Percent","4.0"
"Wethersfield School District","900384900","2015-2016","Chronically Absent Students","Percent","3.8"
"Willington School District","","2011-2012","Chronically Absent Students","Percent","4.7"
"Willington School District","","2012-2013","Chronically Absent Students","Percent","5.2"
"Willington School District","","2013-2014","Chronically Absent Students","Percent","4.3"
"Willington School District","","2014-2015","Chronically Absent Students","Percent","7.1"
"Willington School District","","2015-2016","Chronically Absent Students","Percent","4.3"
"Wilton School District","900186370","2011-2012","Chronically Absent Students","Percent","15.5"
"Wilton School District","900186370","2012-2013","Chronically Absent Students","Percent","16.8"
"Wilton School District","900186370","2013-2014","Chronically Absent Students","Percent","13.5"
"Wilton School District","900186370","2014-2015","Chronically Absent Students","Percent","4.2"
"Wilton School District","900186370","2015-2016","Chronically Absent Students","Percent","4.5"
"Winchester School District","900586440","2011-2012","Chronically Absent Students","Percent","10.9"
"Winchester School District","900586440","2012-2013","Chronically Absent Students","Percent","6.5"
"Winchester School District","900586440","2013-2014","Chronically Absent Students","Percent","8.8"
"Winchester School District","900586440","2014-2015","Chronically Absent Students","Percent","6.8"
"Winchester School District","900586440","2015-2016","Chronically Absent Students","Percent","7.4"
"Windham School District","901586790","2011-2012","Chronically Absent Students","Percent","18.3"
"Windham School District","901586790","2012-2013","Chronically Absent Students","Percent","18.7"
"Windham School District","901586790","2013-2014","Chronically Absent Students","Percent","17.7"
"Windham School District","901586790","2014-2015","Chronically Absent Students","Percent","15.3"
"Windham School District","901586790","2015-2016","Chronically Absent Students","Percent","16.1"
"Windsor Locks School District","900387070","2011-2012","Chronically Absent Students","Percent","11.2"
"Windsor Locks School District","900387070","2012-2013","Chronically Absent Students","Percent","10.4"
"Windsor Locks School District","900387070","2013-2014","Chronically Absent Students","Percent","10.1"
"Windsor Locks School District","900387070","2014-2015","Chronically Absent Students","Percent","13.3"
"Windsor Locks School District","900387070","2015-2016","Chronically Absent Students","Percent","12.2"
"Windsor School District","900387000","2011-2012","Chronically Absent Students","Percent","7.9"
"Windsor School District","900387000","2012-2013","Chronically Absent Students","Percent","8.8"
"Windsor School District","900387000","2013-2014","Chronically Absent Students","Percent","10.8"
"Windsor School District","900387000","2014-2015","Chronically Absent Students","Percent","7.9"
"Windsor School District","900387000","2015-2016","Chronically Absent Students","Percent","8.7"
"Wolcott School District","900987560","2011-2012","Chronically Absent Students","Percent","3.5"
"Wolcott School District","900987560","2012-2013","Chronically Absent Students","Percent","3.2"
"Wolcott School District","900987560","2013-2014","Chronically Absent Students","Percent","3.5"
"Wolcott School District","900987560","2014-2015","Chronically Absent Students","Percent","3.9"
"Wolcott School District","900987560","2015-2016","Chronically Absent Students","Percent","3.2"
"Woodbridge School District","","2011-2012","Chronically Absent Students","Percent","3.8"
"Woodbridge School District","","2012-2013","Chronically Absent Students","Percent","5.2"
"Woodbridge School District","","2013-2014","Chronically Absent Students","Percent","6.4"
"Woodbridge School District","","2014-2015","Chronically Absent Students","Percent","5.0"
"Woodbridge School District","","2015-2016","Chronically Absent Students","Percent","4.6"
"Woodstock Academy District","","2011-2012","Chronically Absent Students","Percent","6.0"
"Woodstock Academy District","","2012-2013","Chronically Absent Students","Percent","6.2"
"Woodstock Academy District","","2013-2014","Chronically Absent Students","Percent","6.4"
"Woodstock Academy District","","2014-2015","Chronically Absent Students","Percent","7.9"
"Woodstock Academy District","","2015-2016","Chronically Absent Students","Percent","6.3"
"Woodstock School District","","2011-2012","Chronically Absent Students","Percent","4.9"
"Woodstock School District","","2012-2013","Chronically Absent Students","Percent","5.0"
"Woodstock School District","","2013-2014","Chronically Absent Students","Percent","4.6"
"Woodstock School District","","2014-2015","Chronically Absent Students","Percent","5.7"
"Woodstock School District","","2015-2016","Chronically Absent Students","Percent","2.2"
